subject,age,t1,t2,t3
X,34,0.6753014,,0.2333987
Y,88,0.3588532,0.9038673,-0.5104356
Z,35,0.3971684,0.7129142,1.3817088
